{
  "project_info": {
    "project_number": "697810900248",
    "project_id": "recipremios-869fuw",
    "storage_bucket": "recipremios-869fuw.appspot.com"
  },
  "client": [
    {
      "client_info": {
        "mobilesdk_app_id": "1:697810900248:android:9db367469c6bc74015fa6d",
        "android_client_info": {
          "package_name": "com.mycompany.recipremios"
        }
      },
      "oauth_client": [],
      "api_key": [
        {
          "current_key": "AIzaSyBbWTlzouL5bqldzPpgjtUwpsZfaHt1lk0"
        }
      ],
      "services": {
        "appinvite_service": {
          "other_platform_oauth_client": []
        }
      }
    }
  ],
  "configuration_version": "1"
}