{
  "project_info": {
    "project_number": "385241401083",
    "project_id": "recipremios-app-dqdpdf",
    "storage_bucket": "recipremios-app-dqdpdf.appspot.com"
  },
  "client": [
    {
      "client_info": {
        "mobilesdk_app_id": "1:385241401083:android:21bebb802f9b7847eb925e",
        "android_client_info": {
          "package_name": "com.mycompany.recipremiosapp"
        }
      },
      "oauth_client": [],
      "api_key": [
        {
          "current_key": "AIzaSyAwAkmKyw9wcB_cxmWH1wJt83w8sMOqtAs"
        }
      ],
      "services": {
        "appinvite_service": {
          "other_platform_oauth_client": []
        }
      }
    }
  ],
  "configuration_version": "1"
}